<application>
  <component name="AdvancedSettings">
    <option name="settings">
      <map>
        <entry key="confirm.rerun.with.termination" value="false" />
        <entry key="editor.distraction.free.margin" value="0" />
        <entry key="git.update.incoming.outgoing.info" value="false" />
        <entry key="ide.macos.disable.native.shortcut.symbols" value="true" />
        <entry key="ide.open.readme.md.on.startup" value="false" />
        <entry key="terminal.buffer.max.lines.count" value="5000000" />
      </map>
    </option>
  </component>
</application>