<application>
  <component name="com.intellij.ide.ui.customization.CustomActionsSchema">
    <group value="SearchEverywhere" is_action="true" action_type="-1" position="11">
      <path value="root" />
      <path value="Main Toolbar" />
      <option name="myInitialPosition" value="-1" />
    </group>
    <group value="VcsGroups" is_group="true" action_type="-1" position="9">
      <path value="root" />
      <path value="Main Menu" />
      <option name="myInitialPosition" value="-1" />
    </group>
    <group value="XDebugger.MuteBreakpoints" is_action="true" action_type="-1" position="6">
      <path value="root" />
      <path value="Debug Tool Window Left Toolbar" />
      <option name="myInitialPosition" value="-1" />
    </group>
    <group value="ViewBreakpoints" is_action="true" action_type="-1" position="5">
      <path value="root" />
      <path value="Debug Tool Window Left Toolbar" />
      <option name="myInitialPosition" value="-1" />
    </group>
    <group value="StepOut" is_action="true" action_type="-1" position="5">
      <path value="root" />
      <path value="Debug Tool Window Top Toolbar" />
      <option name="myInitialPosition" value="-1" />
    </group>
    <group value="ForceStepInto" is_action="true" action_type="-1" position="4">
      <path value="root" />
      <path value="Debug Tool Window Top Toolbar" />
      <option name="myInitialPosition" value="-1" />
    </group>
    <group value="Stop" is_action="true" action_type="-1" position="3">
      <path value="root" />
      <path value="Debug Tool Window Left Toolbar" />
      <option name="myInitialPosition" value="-1" />
    </group>
    <group value="StepInto" is_action="true" action_type="-1" position="3">
      <path value="root" />
      <path value="Debug Tool Window Top Toolbar" />
      <option name="myInitialPosition" value="-1" />
    </group>
    <group value="StepOver" is_action="true" action_type="-1" position="2">
      <path value="root" />
      <path value="Debug Tool Window Top Toolbar" />
      <option name="myInitialPosition" value="-1" />
    </group>
    <group value="Resume" is_action="true" action_type="-1" position="1">
      <path value="root" />
      <path value="Debug Tool Window Left Toolbar" />
      <option name="myInitialPosition" value="-1" />
    </group>
    <group value="VcsToolbarActions" is_group="true" action_type="-1" position="0">
      <path value="root" />
      <path value="Main Toolbar" />
      <path value="MainToolBarSettings" />
      <option name="myInitialPosition" value="-1" />
    </group>
    <group value="ShowExecutionPoint" is_action="true" action_type="-1" position="0">
      <path value="root" />
      <path value="Debug Tool Window Top Toolbar" />
      <option name="myInitialPosition" value="-1" />
    </group>
    <group value="Resume" is_action="true" action_type="1" position="14">
      <path value="root" />
      <path value="Main Toolbar" />
      <option name="myInitialPosition" value="-1" />
    </group>
    <group value="XDebugger.MuteBreakpoints" is_action="true" action_type="1" position="15">
      <path value="root" />
      <path value="Main Toolbar" />
      <option name="myInitialPosition" value="-1" />
    </group>
    <group value="ViewBreakpoints" is_action="true" action_type="1" position="16">
      <path value="root" />
      <path value="Main Toolbar" />
      <option name="myInitialPosition" value="-1" />
    </group>
    <group value="StepInto" is_action="true" action_type="1" position="17">
      <path value="root" />
      <path value="Main Toolbar" />
      <option name="myInitialPosition" value="-1" />
    </group>
    <group value="StepOver" is_action="true" action_type="1" position="18">
      <path value="root" />
      <path value="Main Toolbar" />
      <option name="myInitialPosition" value="-1" />
    </group>
    <group value="ForceStepInto" is_action="true" action_type="1" position="19">
      <path value="root" />
      <path value="Main Toolbar" />
      <option name="myInitialPosition" value="-1" />
    </group>
    <group value="StepOut" is_action="true" action_type="1" position="20">
      <path value="root" />
      <path value="Main Toolbar" />
      <option name="myInitialPosition" value="-1" />
    </group>
    <group value="ShowExecutionPoint" is_action="true" action_type="1" position="21">
      <path value="root" />
      <path value="Main Toolbar" />
      <option name="myInitialPosition" value="-1" />
    </group>
  </component>
</application>