<application>
  <component name="com.intellij.ide.ui.customization.CustomActionsSchema">
    <group value="ConfigureEditorTabs" is_action="true" action_type="-1" position="23">
      <path value="root" />
      <path value="Main Menu" />
      <path value="Window" />
      <path value="Editor Tabs" />
      <option name="myInitialPosition" value="-1" />
    </group>
    <group value="ConfigureEditorTabs" is_action="true" action_type="-1" position="21">
      <path value="root" />
      <path value="Editor Tab Popup Menu" />
      <option name="myInitialPosition" value="-1" />
    </group>
    <group value="CloseEditorsGroup" is_group="true" action_type="-1" position="5">
      <path value="root" />
      <path value="Main Menu" />
      <path value="Window" />
      <path value="Editor Tabs" />
      <option name="myInitialPosition" value="-1" />
    </group>
    <group value="TabList" is_action="true" action_type="-1" position="3">
      <path value="root" />
      <path value="Main Menu" />
      <path value="Window" />
      <path value="Editor Tabs" />
      <option name="myInitialPosition" value="-1" />
    </group>
    <group value="CloseEditorsGroup" is_group="true" action_type="-1" position="0">
      <path value="root" />
      <path value="Editor Tab Popup Menu" />
      <option name="myInitialPosition" value="-1" />
    </group>
  </component>
</application>