<application>
  <component name="ExternalDiffSettings">
    <option name="MIGRATE_OLD_SETTINGS" value="true" />
  </component>
  <component name="TextDiffSettings">
    <option name="PLACES_MAP">
      <entry key="ChangesToolWindowPreview">
        <PlaceSettings>
          <option name="IGNORE_POLICY" value="FORMATTING" />
        </PlaceSettings>
      </entry>
      <entry key="ChangesView">
        <PlaceSettings>
          <option name="SHOW_LINE_NUMBERS" value="false" />
          <option name="USE_SOFT_WRAPS" value="true" />
        </PlaceSettings>
      </entry>
      <entry key="Default">
        <PlaceSettings>
          <option name="IGNORE_POLICY" value="FORMATTING" />
          <option name="USE_SOFT_WRAPS" value="true" />
        </PlaceSettings>
      </entry>
    </option>
  </component>
</application>