<application>
  <component name="FileTypeManager" version="18">
    <extensionMap>
      <mapping ext="ftl" type="HTML" />
      <removed_mapping ext="apk" approved="true" type="ARCHIVE" />
      <removed_mapping ext="bat" approved="true" type="Bat" />
      <removed_mapping ext="cmd" approved="true" type="Cmd" />
      <removed_mapping ext="conf" approved="true" type="HOCON" />
      <removed_mapping ext="conf" approved="true" type="Logstash" />
      <removed_mapping ext="ftl" approved="true" type="Fluent" />
      <removed_mapping ext="psd" approved="true" type="Image" />
      <removed_mapping ext="xls" approved="true" type="Native" />
      <removed_mapping ext="xlsx" approved="true" type="Native" />
    </extensionMap>
  </component>
</application>