<application>
  <component name="GeneralSettings">
    <option name="confirmExit" value="false" />
    <option name="showTipsOnStartup" value="false" />
  </component>
  <component name="Registry">
    <entry key="ide.balloon.shadow.size" value="15" />
  </component>
  <component name="StatusBar">
    <option name="widgets">
      <map>
        <entry key="AwsSettingsPanel" value="false" />
        <entry key="Encoding" value="false" />
        <entry key="LineSeparator" value="false" />
        <entry key="Position" value="false" />
        <entry key="ReadOnlyAttribute" value="false" />
        <entry key="com.intellij.psi.codeStyle.statusbar.CodeStyleStatusBarWidget" value="false" />
      </map>
    </option>
  </component>
</application>