<application>
  <component name="JpaPluginApplicationSettings">
    <option name="jpaToolWindowState" value="CustomJpaState" />
    <option name="notificationShownTimes" value="2" />
  </component>
  <component name="ViewModeState" structureMode="Project">
    <option name="entityDesigner">
      <designerState>
        <isEditorToolbar>false</isEditorToolbar>
        <isInspector>false</isInspector>
        <isPalette>false</isPalette>
      </designerState>
    </option>
    <option name="liquibaseDesigner">
      <designerState>
        <isEditorToolbar>false</isEditorToolbar>
        <isInspector>false</isInspector>
        <isPalette>false</isPalette>
      </designerState>
    </option>
    <option name="repositoryDesigner">
      <designerState>
        <isEditorToolbar>false</isEditorToolbar>
        <isInspector>false</isInspector>
        <isPalette>false</isPalette>
      </designerState>
    </option>
    <option name="sqlDesigner">
      <designerState>
        <isEditorToolbar>false</isEditorToolbar>
        <isInspector>false</isInspector>
        <isPalette>false</isPalette>
      </designerState>
    </option>
  </component>
</application>