<application>
  <component name="UISettings">
    <option name="HIDE_TOOL_STRIPES" value="true" />
    <option name="OPEN_IN_PREVIEW_TAB_IF_POSSIBLE" value="true" />
    <option name="OVERRIDE_NONIDEA_LAF_FONTS" value="true" />
    <option name="SHOW_EDITOR_TOOLTIP" value="false" />
    <option name="SHOW_NAVIGATION_BAR" value="false" />
    <option name="SHOW_STATUS_BAR" value="false" />
    <option name="SHOW_TABS_TOOLTIPS" value="false" />
    <option name="SORT_TABS_ALPHABETICALLY" value="true" />
  </component>
</application>