<profile version="1.0">
  <option name="myName" value="Default copy" />
  <inspection_tool class="AccessStaticViaInstance" enabled="false" level="WARNING" enabled_by_default="false" />
  <inspection_tool class="Anonymous2MethodRef" enabled="false" level="WARNING" enabled_by_default="false" />
  <inspection_tool class="AnonymousHasLambdaAlternative" enabled="false" level="WARNING" enabled_by_default="false" />
  <inspection_tool class="ArrayCanBeReplacedWithEnumValues" enabled="false" level="INFORMATION" enabled_by_default="false" />
  <inspection_tool class="ArrayCreationWithoutNewKeyword" enabled="false" level="INFORMATION" enabled_by_default="false" />
  <inspection_tool class="ArrayEquals" enabled="false" level="WARNING" enabled_by_default="false" />
  <inspection_tool class="ArrayHashCode" enabled="false" level="WARNING" enabled_by_default="false" />
  <inspection_tool class="ArrayObjectsEquals" enabled="false" level="WARNING" enabled_by_default="false" />
  <inspection_tool class="ArraysAsListWithZeroOrOneArgument" enabled="false" level="WARNING" enabled_by_default="false" />
  <inspection_tool class="AssertWithSideEffects" enabled="false" level="WARNING" enabled_by_default="false" />
  <inspection_tool class="AssertionCanBeIf" enabled="false" level="INFORMATION" enabled_by_default="false" />
  <inspection_tool class="AssignmentToCatchBlockParameter" enabled="false" level="WARNING" enabled_by_default="false" />
  <inspection_tool class="AssignmentUsedAsCondition" enabled="false" level="WARNING" enabled_by_default="false" />
  <inspection_tool class="AtomicFieldUpdaterIssues" enabled="false" level="WARNING" enabled_by_default="false" />
  <inspection_tool class="AtomicFieldUpdaterNotStaticFinal" enabled="false" level="WARNING" enabled_by_default="false" />
  <inspection_tool class="AutoCloseableResource" enabled="false" level="WARNING" enabled_by_default="false" />
  <inspection_tool class="BigDecimalLegacyMethod" enabled="false" level="WARNING" enabled_by_default="false" />
  <inspection_tool class="BigDecimalMethodWithoutRoundingCalled" enabled="false" level="WARNING" enabled_by_default="false" />
  <inspection_tool class="BooleanConstructor" enabled="false" level="WARNING" enabled_by_default="false" />
  <inspection_tool class="BooleanExpressionMayBeConditional" enabled="false" level="INFORMATION" enabled_by_default="false" />
  <inspection_tool class="BooleanMethodIsAlwaysInverted" enabled="false" level="WARNING" enabled_by_default="false" />
  <inspection_tool class="BoxingBoxedValue" enabled="false" level="WARNING" enabled_by_default="false" />
  <inspection_tool class="BusyWait" enabled="false" level="WARNING" enabled_by_default="false" />
  <inspection_tool class="CStyleArrayDeclaration" enabled="false" level="WARNING" enabled_by_default="false" />
  <inspection_tool class="CachedNumberConstructorCall" enabled="false" level="WARNING" enabled_by_default="false" />
  <inspection_tool class="CanBeFinal" enabled="false" level="WARNING" enabled_by_default="false">
    <option name="REPORT_CLASSES" value="false" />
    <option name="REPORT_METHODS" value="false" />
    <option name="REPORT_FIELDS" value="true" />
  </inspection_tool>
  <inspection_tool class="CapturingCleaner" enabled="false" level="WARNING" enabled_by_default="false" />
  <inspection_tool class="CastCanBeRemovedNarrowingVariableType" enabled="false" level="WARNING" enabled_by_default="false" />
  <inspection_tool class="CatchMayIgnoreException" enabled="false" level="WARNING" enabled_by_default="false" />
  <inspection_tool class="CaughtExceptionImmediatelyRethrown" enabled="false" level="WARNING" enabled_by_default="false" />
  <inspection_tool class="CharsetObjectCanBeUsed" enabled="false" level="WARNING" enabled_by_default="false" />
  <inspection_tool class="ClassCanBeRecord" enabled="false" level="WEAK WARNING" enabled_by_default="false" />
  <inspection_tool class="ClassEscapesItsScope" enabled="false" level="WARNING" enabled_by_default="false" />
  <inspection_tool class="ClassGetClass" enabled="false" level="WARNING" enabled_by_default="false" />
  <inspection_tool class="ClassInitializerMayBeStatic" enabled="false" level="WARNING" enabled_by_default="false" />
  <inspection_tool class="ClassMayBeInterface" enabled="false" level="INFORMATION" enabled_by_default="false" />
  <inspection_tool class="CloneDeclaresCloneNotSupported" enabled="false" level="WARNING" enabled_by_default="false" />
  <inspection_tool class="CloneableImplementsClone" enabled="false" level="WARNING" enabled_by_default="false">
    <option name="m_ignoreCloneableDueToInheritance" value="true" />
  </inspection_tool>
  <inspection_tool class="CodeBlock2Expr" enabled="false" level="WARNING" enabled_by_default="false" />
  <inspection_tool class="CollectionAddAllCanBeReplacedWithConstructor" enabled="false" level="WARNING" enabled_by_default="false" />
  <inspection_tool class="CollectionAddedToSelf" enabled="false" level="WARNING" enabled_by_default="false" />
  <inspection_tool class="CommentedOutCode" enabled="false" level="WEAK WARNING" enabled_by_default="false" />
  <inspection_tool class="ComparatorCombinators" enabled="false" level="WARNING" enabled_by_default="false" />
  <inspection_tool class="ComparatorMethodParameterNotUsed" enabled="false" level="WARNING" enabled_by_default="false" />
  <inspection_tool class="ComparatorResultComparison" enabled="false" level="WARNING" enabled_by_default="false" />
  <inspection_tool class="ComparisonToNaN" enabled="false" level="WARNING" enabled_by_default="false" />
  <inspection_tool class="ConditionCoveredByFurtherCondition" enabled="false" level="WARNING" enabled_by_default="false" />
  <inspection_tool class="ConditionalBreakInInfiniteLoop" enabled="false" level="WARNING" enabled_by_default="false" />
  <inspection_tool class="ConditionalCanBeOptional" enabled="false" level="INFORMATION" enabled_by_default="false" />
  <inspection_tool class="ConditionalCanBePushedInsideExpression" enabled="false" level="INFORMATION" enabled_by_default="false" />
  <inspection_tool class="ConditionalExpression" enabled="false" level="INFORMATION" enabled_by_default="false" />
  <inspection_tool class="ConditionalExpressionWithIdenticalBranches" enabled="false" level="WARNING" enabled_by_default="false" />
  <inspection_tool class="ConfusingElse" enabled="false" level="INFORMATION" enabled_by_default="false">
    <option name="reportWhenNoStatementFollow" value="true" />
  </inspection_tool>
  <inspection_tool class="ConstantConditionalExpression" enabled="false" level="WARNING" enabled_by_default="false" />
  <inspection_tool class="ConstantConditions" enabled="false" level="WARNING" enabled_by_default="false">
    <option name="SUGGEST_NULLABLE_ANNOTATIONS" value="false" />
    <option name="DONT_REPORT_TRUE_ASSERT_STATEMENTS" value="false" />
  </inspection_tool>
  <inspection_tool class="ConstantExpression" enabled="false" level="INFORMATION" enabled_by_default="false" />
  <inspection_tool class="ContinueOrBreakFromFinallyBlock" enabled="false" level="WARNING" enabled_by_default="false" />
  <inspection_tool class="Contract" enabled="false" level="WARNING" enabled_by_default="false" />
  <inspection_tool class="ControlFlowStatementWithoutBraces" enabled="false" level="INFORMATION" enabled_by_default="false" />
  <inspection_tool class="Convert2Diamond" enabled="false" level="WARNING" enabled_by_default="false" />
  <inspection_tool class="Convert2Lambda" enabled="false" level="WARNING" enabled_by_default="false" />
  <inspection_tool class="Convert2MethodRef" enabled="false" level="WARNING" enabled_by_default="false" />
  <inspection_tool class="Convert2streamapi" enabled="false" level="INFORMATION" enabled_by_default="false" />
  <inspection_tool class="ConvertToBasicLatin" enabled="false" level="INFORMATION" enabled_by_default="false" />
  <inspection_tool class="CopyConstructorMissesField" enabled="false" level="WARNING" enabled_by_default="false" />
  <inspection_tool class="DanglingJavadoc" enabled="false" level="WARNING" enabled_by_default="false" />
  <inspection_tool class="DataProviderReturnType" enabled="false" level="ERROR" enabled_by_default="false" />
  <inspection_tool class="DefaultAnnotationParam" enabled="false" level="WARNING" enabled_by_default="false" />
  <inspection_tool class="DeprecatedIsStillUsed" enabled="false" level="WARNING" enabled_by_default="false" />
  <inspection_tool class="DeprecatedLombok" enabled="false" level="WARNING" enabled_by_default="false" />
  <inspection_tool class="Deprecation" enabled="false" level="WARNING" enabled_by_default="false" />
  <inspection_tool class="DialogTitleCapitalization" enabled="false" level="WARNING" enabled_by_default="false" />
  <inspection_tool class="DiamondCanBeReplacedWithExplicitTypeArguments" enabled="false" level="INFORMATION" enabled_by_default="false" />
  <inspection_tool class="DivideByZero" enabled="false" level="WARNING" enabled_by_default="false" />
  <inspection_tool class="DoubleBraceInitialization" enabled="false" level="INFORMATION" enabled_by_default="false" />
  <inspection_tool class="DoubleCheckedLocking" enabled="false" level="WARNING" enabled_by_default="false">
    <option name="ignoreOnVolatileVariables" value="false" />
  </inspection_tool>
  <inspection_tool class="DoubleNegation" enabled="false" level="WARNING" enabled_by_default="false" />
  <inspection_tool class="DuplicateBranchesInSwitch" enabled="false" level="WEAK WARNING" enabled_by_default="false" />
  <inspection_tool class="DuplicateCondition" enabled="false" level="WARNING" enabled_by_default="false">
    <option name="ignoreSideEffectConditions" value="true" />
  </inspection_tool>
  <inspection_tool class="DuplicateExpressions" enabled="false" level="WEAK WARNING" enabled_by_default="false" />
  <inspection_tool class="DuplicateThrows" enabled="false" level="WARNING" enabled_by_default="false" />
  <inspection_tool class="DuplicatedDataProviderNames" enabled="false" level="ERROR" enabled_by_default="false" />
  <inspection_tool class="EmptyFinallyBlock" enabled="false" level="WARNING" enabled_by_default="false" />
  <inspection_tool class="EmptyInitializer" enabled="false" level="WARNING" enabled_by_default="false" />
  <inspection_tool class="EmptyMethod" enabled="false" level="WARNING" enabled_by_default="false" />
  <inspection_tool class="EmptyStatementBody" enabled="false" level="WARNING" enabled_by_default="false">
    <option name="m_reportEmptyBlocks" value="true" />
  </inspection_tool>
  <inspection_tool class="EmptySynchronizedStatement" enabled="false" level="WARNING" enabled_by_default="false" />
  <inspection_tool class="EmptyTryBlock" enabled="false" level="WARNING" enabled_by_default="false" />
  <inspection_tool class="EndlessStream" enabled="false" level="WARNING" enabled_by_default="false" />
  <inspection_tool class="EnhancedSwitchBackwardMigration" enabled="false" level="INFORMATION" enabled_by_default="false" />
  <inspection_tool class="EnhancedSwitchMigration" enabled="false" level="WARNING" enabled_by_default="false" />
  <inspection_tool class="EnumSwitchStatementWhichMissesCases" enabled="false" level="INFORMATION" enabled_by_default="false">
    <option name="ignoreSwitchStatementsWithDefault" value="true" />
  </inspection_tool>
  <inspection_tool class="EqualsBetweenInconvertibleTypes" enabled="false" level="WARNING" enabled_by_default="false" />
  <inspection_tool class="EqualsOnSuspiciousObject" enabled="false" level="WARNING" enabled_by_default="false" />
  <inspection_tool class="EqualsReplaceableByObjectsCall" enabled="false" level="WEAK WARNING" enabled_by_default="false" />
  <inspection_tool class="EqualsWhichDoesntCheckParameterClass" enabled="false" level="WARNING" enabled_by_default="false" />
  <inspection_tool class="EqualsWithItself" enabled="false" level="WARNING" enabled_by_default="false" />
  <inspection_tool class="ExcessiveLambdaUsage" enabled="false" level="WARNING" enabled_by_default="false" />
  <inspection_tool class="ExcessiveRangeCheck" enabled="false" level="WARNING" enabled_by_default="false" />
  <inspection_tool class="ExplicitArgumentCanBeLambda" enabled="false" level="INFORMATION" enabled_by_default="false" />
  <inspection_tool class="ExplicitArrayFilling" enabled="false" level="WARNING" enabled_by_default="false" />
  <inspection_tool class="ExpressionMayBeFactorized" enabled="false" level="INFORMATION" enabled_by_default="false" />
  <inspection_tool class="ExtendsAnnotation" enabled="false" level="WARNING" enabled_by_default="false" />
  <inspection_tool class="ExtendsObject" enabled="false" level="WARNING" enabled_by_default="false" />
  <inspection_tool class="ExternalizableWithoutPublicNoArgConstructor" enabled="false" level="WARNING" enabled_by_default="false" />
  <inspection_tool class="FieldCanBeLocal" enabled="false" level="WARNING" enabled_by_default="false" />
  <inspection_tool class="FieldMayBeFinal" enabled="false" level="WARNING" enabled_by_default="false" />
  <inspection_tool class="FillPermitsList" enabled="false" level="INFORMATION" enabled_by_default="false" />
  <inspection_tool class="FinalMethodInFinalClass" enabled="false" level="WARNING" enabled_by_default="false" />
  <inspection_tool class="FinalPrivateMethod" enabled="false" level="WARNING" enabled_by_default="false" />
  <inspection_tool class="FinalStaticMethod" enabled="false" level="WARNING" enabled_by_default="false" />
  <inspection_tool class="FinalizeNotProtected" enabled="false" level="WARNING" enabled_by_default="false" />
  <inspection_tool class="FinallyBlockCannotCompleteNormally" enabled="false" level="WARNING" enabled_by_default="false" />
  <inspection_tool class="FoldExpressionIntoStream" enabled="false" level="INFORMATION" enabled_by_default="false" />
  <inspection_tool class="ForCanBeForeach" enabled="false" level="WARNING" enabled_by_default="false">
    <option name="REPORT_INDEXED_LOOP" value="true" />
    <option name="ignoreUntypedCollections" value="false" />
  </inspection_tool>
  <inspection_tool class="ForLoopReplaceableByWhile" enabled="false" level="WARNING" enabled_by_default="false">
    <option name="m_ignoreLoopsWithoutConditions" value="true" />
  </inspection_tool>
  <inspection_tool class="ForwardCompatibility" enabled="false" level="WARNING" enabled_by_default="false" />
  <inspection_tool class="FrequentlyUsedInheritorInspection" enabled="false" level="INFORMATION" enabled_by_default="false" />
  <inspection_tool class="FunctionalExpressionCanBeFolded" enabled="false" level="WARNING" enabled_by_default="false" />
  <inspection_tool class="FuseStreamOperations" enabled="false" level="WARNING" enabled_by_default="false" />
  <inspection_tool class="GrazieInspection" enabled="false" level="GRAMMAR_ERROR" enabled_by_default="false" />
  <inspection_tool class="Guava" enabled="false" level="WARNING" enabled_by_default="false" />
  <inspection_tool class="IOStreamConstructor" enabled="false" level="WARNING" enabled_by_default="false" />
  <inspection_tool class="IdempotentLoopBody" enabled="false" level="WARNING" enabled_by_default="false" />
  <inspection_tool class="IfCanBeAssertion" enabled="false" level="INFORMATION" enabled_by_default="false" />
  <inspection_tool class="IfCanBeSwitch" enabled="false" level="WARNING" enabled_by_default="false">
    <option name="minimumBranches" value="3" />
    <option name="suggestIntSwitches" value="false" />
    <option name="suggestEnumSwitches" value="false" />
  </inspection_tool>
  <inspection_tool class="IfStatementMissingBreakInLoop" enabled="false" level="WARNING" enabled_by_default="false" />
  <inspection_tool class="IfStatementWithIdenticalBranches" enabled="false" level="WEAK WARNING" enabled_by_default="false" />
  <inspection_tool class="IgnoreResultOfCall" enabled="false" level="WARNING" enabled_by_default="false">
    <option name="m_reportAllNonLibraryCalls" value="false" />
    <option name="callCheckString" value="java.io.File,.*,java.io.InputStream,read|skip|available|markSupported,java.io.Reader,read|skip|ready|markSupported,java.lang.AbstractStringBuilder,capacity|codePointAt|codePointBefore|codePointCount|indexOf|lastIndexOf|offsetByCodePoints|substring|subSequence,java.lang.Boolean,.*,java.lang.Byte,.*,java.lang.Character,.*,java.lang.Double,.*,java.lang.Float,.*,java.lang.Integer,.*,java.lang.Long,.*,java.lang.Math,.*,java.lang.Object,equals|hashCode|toString,java.lang.Short,.*,java.lang.StrictMath,.*,java.lang.String,.*,java.lang.Thread,interrupted,java.math.BigDecimal,.*,java.math.BigInteger,.*,java.net.InetAddress,.*,java.net.URI,.*,java.nio.channels.AsynchronousChannelGroup,.*,java.util.Arrays,.*,java.util.Collections,(?!addAll).*,java.util.List,of,java.util.Map,of|ofEntries|entry,java.util.Set,of,java.util.UUID,.*,java.util.concurrent.BlockingQueue,offer|remove,java.util.concurrent.CountDownLatch,await|getCount,java.util.concurrent.ExecutorService,awaitTermination|isShutdown|isTerminated,java.util.concurrent.ForkJoinPool,awaitQuiescence,java.util.concurrent.Semaphore,tryAcquire|availablePermits|isFair|hasQueuedThreads|getQueueLength|getQueuedThreads,java.util.concurrent.locks.Condition,await|awaitNanos|awaitUntil,java.util.concurrent.locks.Lock,tryLock|newCondition,java.util.regex.Matcher,pattern|toMatchResult|start|end|group|groupCount|matches|find|lookingAt|quoteReplacement|replaceAll|replaceFirst|regionStart|regionEnd|hasTransparentBounds|hasAnchoringBounds|hitEnd|requireEnd,java.util.regex.Pattern,.*,java.util.stream.BaseStream,.*,java.util.stream.DoubleStream,.*,java.util.stream.IntStream,.*,java.util.stream.LongStream,.*,java.util.stream.Stream,.*" />
  </inspection_tool>
  <inspection_tool class="ImplicitArrayToString" enabled="false" level="WARNING" enabled_by_default="false" />
  <inspection_tool class="ImplicitSubclassInspection" enabled="false" level="ERROR" enabled_by_default="false" />
  <inspection_tool class="IncompatibleMask" enabled="false" level="WARNING" enabled_by_default="false" />
  <inspection_tool class="InconsistentTextBlockIndent" enabled="false" level="WARNING" enabled_by_default="false" />
  <inspection_tool class="IndexOfReplaceableByContains" enabled="false" level="WARNING" enabled_by_default="false" />
  <inspection_tool class="InfiniteLoopStatement" enabled="false" level="WARNING" enabled_by_default="false" />
  <inspection_tool class="InfiniteRecursion" enabled="false" level="WARNING" enabled_by_default="false" />
  <inspection_tool class="InnerClassMayBeStatic" enabled="false" level="WARNING" enabled_by_default="false" />
  <inspection_tool class="InsertLiteralUnderscores" enabled="false" level="INFORMATION" enabled_by_default="false" />
  <inspection_tool class="InstantiatingObjectToGetClassObject" enabled="false" level="WARNING" enabled_by_default="false" />
  <inspection_tool class="InstantiationOfUtilityClass" enabled="false" level="WARNING" enabled_by_default="false" />
  <inspection_tool class="IntegerDivisionInFloatingPointContext" enabled="false" level="WARNING" enabled_by_default="false" />
  <inspection_tool class="IntegerMultiplicationImplicitCastToLong" enabled="false" level="WARNING" enabled_by_default="false">
    <option name="ignoreNonOverflowingCompileTimeConstants" value="true" />
  </inspection_tool>
  <inspection_tool class="InterfaceMethodClashesWithObject" enabled="false" level="WARNING" enabled_by_default="false" />
  <inspection_tool class="InvalidComparatorMethodReference" enabled="false" level="WARNING" enabled_by_default="false" />
  <inspection_tool class="IterableUsedAsVararg" enabled="false" level="WARNING" enabled_by_default="false" />
  <inspection_tool class="IteratorHasNextCallsIteratorNext" enabled="false" level="WARNING" enabled_by_default="false" />
  <inspection_tool class="JUnit3StyleTestMethodInJUnit4Class" enabled="false" level="WARNING" enabled_by_default="false" />
  <inspection_tool class="JUnit4AnnotatedMethodInJUnit3TestCase" enabled="false" level="WARNING" enabled_by_default="false" />
  <inspection_tool class="Java8CollectionRemoveIf" enabled="false" level="WARNING" enabled_by_default="false" />
  <inspection_tool class="Java8ListReplaceAll" enabled="false" level="WARNING" enabled_by_default="false" />
  <inspection_tool class="Java8ListSort" enabled="false" level="WARNING" enabled_by_default="false" />
  <inspection_tool class="Java8MapApi" enabled="false" level="WARNING" enabled_by_default="false" />
  <inspection_tool class="Java8MapForEach" enabled="false" level="WARNING" enabled_by_default="false" />
  <inspection_tool class="Java9CollectionFactory" enabled="false" level="WEAK WARNING" enabled_by_default="false" />
  <inspection_tool class="Java9ModuleExportsPackageToItself" enabled="false" level="WARNING" enabled_by_default="false" />
  <inspection_tool class="Java9RedundantRequiresStatement" enabled="false" level="WARNING" enabled_by_default="false" />
  <inspection_tool class="Java9ReflectionClassVisibility" enabled="false" level="WARNING" enabled_by_default="false" />
  <inspection_tool class="Java9UndeclaredServiceUsage" enabled="false" level="WARNING" enabled_by_default="false" />
  <inspection_tool class="JavaLangInvokeHandleSignature" enabled="false" level="WARNING" enabled_by_default="false" />
  <inspection_tool class="JavaModuleNaming" enabled="false" level="WARNING" enabled_by_default="false" />
  <inspection_tool class="JavaReflectionInvocation" enabled="false" level="WARNING" enabled_by_default="false" />
  <inspection_tool class="JavaReflectionMemberAccess" enabled="false" level="WARNING" enabled_by_default="false" />
  <inspection_tool class="JavaRequiresAutoModule" enabled="false" level="WARNING" enabled_by_default="false" />
  <inspection_tool class="JavacQuirks" enabled="false" level="WARNING" enabled_by_default="false" />
  <inspection_tool class="JavadocBlankLines" enabled="false" level="WARNING" enabled_by_default="false" />
  <inspection_tool class="JavadocDeclaration" enabled="false" level="WARNING" enabled_by_default="false" />
  <inspection_tool class="JavadocLinkAsPlainText" enabled="false" level="WARNING" enabled_by_default="false" />
  <inspection_tool class="JavadocReference" enabled="false" level="ERROR" enabled_by_default="false" />
  <inspection_tool class="JoinDeclarationAndAssignmentJava" enabled="false" level="INFORMATION" enabled_by_default="false" />
  <inspection_tool class="Junit4Converter" enabled="false" level="INFORMATION" enabled_by_default="false" />
  <inspection_tool class="LambdaBodyCanBeCodeBlock" enabled="false" level="INFORMATION" enabled_by_default="false" />
  <inspection_tool class="LambdaCanBeMethodCall" enabled="false" level="INFORMATION" enabled_by_default="false" />
  <inspection_tool class="LambdaCanBeReplacedWithAnonymous" enabled="false" level="INFORMATION" enabled_by_default="false" />
  <inspection_tool class="LambdaParameterTypeCanBeSpecified" enabled="false" level="INFORMATION" enabled_by_default="false" />
  <inspection_tool class="LanguageDetectionInspection" enabled="false" level="WARNING" enabled_by_default="false" />
  <inspection_tool class="LengthOneStringsInConcatenation" enabled="false" level="INFORMATION" enabled_by_default="false" />
  <inspection_tool class="ListIndexOfReplaceableByContains" enabled="false" level="WARNING" enabled_by_default="false" />
  <inspection_tool class="ListRemoveInLoop" enabled="false" level="WARNING" enabled_by_default="false" />
  <inspection_tool class="Lombok" enabled="false" level="WARNING" enabled_by_default="false" />
  <inspection_tool class="LongLiteralsEndingWithLowercaseL" enabled="false" level="WARNING" enabled_by_default="false" />
  <inspection_tool class="LoopConditionNotUpdatedInsideLoop" enabled="false" level="WARNING" enabled_by_default="false">
    <option name="ignoreIterators" value="false" />
  </inspection_tool>
  <inspection_tool class="LoopStatementsThatDontLoop" enabled="false" level="WARNING" enabled_by_default="false" />
  <inspection_tool class="MagicConstant" enabled="false" level="WARNING" enabled_by_default="false" />
  <inspection_tool class="MalformedDataProvider" enabled="false" level="WARNING" enabled_by_default="false" />
  <inspection_tool class="MalformedFormatString" enabled="false" level="WARNING" enabled_by_default="false" />
  <inspection_tool class="ManualArrayCopy" enabled="false" level="WARNING" enabled_by_default="false" />
  <inspection_tool class="ManualArrayToCollectionCopy" enabled="false" level="WARNING" enabled_by_default="false" />
  <inspection_tool class="ManualMinMaxCalculation" enabled="false" level="WARNING" enabled_by_default="false" />
  <inspection_tool class="MarkedForRemoval" enabled="false" level="ERROR" enabled_by_default="false" />
  <inspection_tool class="MaskedAssertion" enabled="false" level="WARNING" enabled_by_default="false" />
  <inspection_tool class="MathRandomCastToInt" enabled="false" level="WARNING" enabled_by_default="false" />
  <inspection_tool class="MeaninglessRecordAnnotationInspection" enabled="false" level="WARNING" enabled_by_default="false" />
  <inspection_tool class="MetaAnnotationWithoutRuntimeRetention" enabled="false" level="WARNING" enabled_by_default="false" />
  <inspection_tool class="MethodCanBeVariableArityMethod" enabled="false" level="INFORMATION" enabled_by_default="false" />
  <inspection_tool class="MethodNameSameAsClassName" enabled="false" level="WARNING" enabled_by_default="false" />
  <inspection_tool class="MethodRefCanBeReplacedWithLambda" enabled="false" level="INFORMATION" enabled_by_default="false" />
  <inspection_tool class="MismatchedArrayReadWrite" enabled="false" level="WARNING" enabled_by_default="false" />
  <inspection_tool class="MismatchedCollectionQueryUpdate" enabled="false" level="WARNING" enabled_by_default="false">
    <option name="queryNames">
      <value />
    </option>
    <option name="updateNames">
      <value />
    </option>
    <option name="ignoredClasses">
      <value />
    </option>
  </inspection_tool>
  <inspection_tool class="MismatchedStringBuilderQueryUpdate" enabled="false" level="WARNING" enabled_by_default="false" />
  <inspection_tool class="MismatchedStringCase" enabled="false" level="WARNING" enabled_by_default="false" />
  <inspection_tool class="MissingOverrideAnnotation" enabled="false" level="INFORMATION" enabled_by_default="false">
    <option name="ignoreObjectMethods" value="true" />
    <option name="ignoreAnonymousClassMethods" value="false" />
  </inspection_tool>
  <inspection_tool class="MissingSerialAnnotation" enabled="false" level="WARNING" enabled_by_default="false" />
  <inspection_tool class="MoveFieldAssignmentToInitializer" enabled="false" level="INFORMATION" enabled_by_default="false" />
  <inspection_tool class="MultiCatchCanBeSplit" enabled="false" level="INFORMATION" enabled_by_default="false" />
  <inspection_tool class="MultipleVariablesInDeclaration" enabled="false" level="INFORMATION" enabled_by_default="false" />
  <inspection_tool class="NewClassNamingConvention" enabled="false" level="WARNING" enabled_by_default="false" />
  <inspection_tool class="NewObjectEquality" enabled="false" level="WARNING" enabled_by_default="false" />
  <inspection_tool class="NewStringBufferWithCharArgument" enabled="false" level="WARNING" enabled_by_default="false" />
  <inspection_tool class="NoExplicitFinalizeCalls" enabled="false" level="WARNING" enabled_by_default="false" />
  <inspection_tool class="NonAtomicOperationOnVolatileField" enabled="false" level="WARNING" enabled_by_default="false" />
  <inspection_tool class="NonFinalFieldInEnum" enabled="false" level="WARNING" enabled_by_default="false" />
  <inspection_tool class="NonStrictComparisonCanBeEquality" enabled="false" level="WEAK WARNING" enabled_by_default="false" />
  <inspection_tool class="NotNullFieldNotInitialized" enabled="false" level="WARNING" enabled_by_default="false" />
  <inspection_tool class="NullArgumentToVariableArgMethod" enabled="false" level="WARNING" enabled_by_default="false" />
  <inspection_tool class="NullableProblems" enabled="false" level="WARNING" enabled_by_default="false">
    <option name="REPORT_NULLABLE_METHOD_OVERRIDES_NOTNULL" value="true" />
    <option name="REPORT_NOT_ANNOTATED_METHOD_OVERRIDES_NOTNULL" value="true" />
    <option name="REPORT_NOTNULL_PARAMETER_OVERRIDES_NULLABLE" value="true" />
    <option name="REPORT_NOT_ANNOTATED_PARAMETER_OVERRIDES_NOTNULL" value="true" />
    <option name="REPORT_NOT_ANNOTATED_GETTER" value="true" />
    <option name="REPORT_NOT_ANNOTATED_SETTER_PARAMETER" value="true" />
    <option name="REPORT_ANNOTATION_NOT_PROPAGATED_TO_OVERRIDERS" value="true" />
    <option name="REPORT_NULLS_PASSED_TO_NON_ANNOTATED_METHOD" value="true" />
  </inspection_tool>
  <inspection_tool class="NumberEquality" enabled="false" level="WARNING" enabled_by_default="false" />
  <inspection_tool class="NumericOverflow" enabled="false" level="WARNING" enabled_by_default="false" />
  <inspection_tool class="ObjectEquality" enabled="false" level="INFORMATION" enabled_by_default="false">
    <option name="m_ignoreEnums" value="true" />
    <option name="m_ignoreClassObjects" value="true" />
    <option name="m_ignorePrivateConstructors" value="false" />
  </inspection_tool>
  <inspection_tool class="ObjectEqualsCanBeEquality" enabled="false" level="INFORMATION" enabled_by_default="false" />
  <inspection_tool class="ObjectsEqualsCanBeSimplified" enabled="false" level="INFORMATION" enabled_by_default="false" />
  <inspection_tool class="ObviousNullCheck" enabled="false" level="WARNING" enabled_by_default="false" />
  <inspection_tool class="OctalLiteral" enabled="false" level="WARNING" enabled_by_default="false" />
  <inspection_tool class="OptionalAssignedToNull" enabled="false" level="WARNING" enabled_by_default="false" />
  <inspection_tool class="OptionalGetWithoutIsPresent" enabled="false" level="WARNING" enabled_by_default="false" />
  <inspection_tool class="OptionalIsPresent" enabled="false" level="WARNING" enabled_by_default="false" />
  <inspection_tool class="OptionalToIf" enabled="false" level="INFORMATION" enabled_by_default="false" />
  <inspection_tool class="OptionalUsedAsFieldOrParameterType" enabled="false" level="WARNING" enabled_by_default="false" />
  <inspection_tool class="OverflowingLoopIndex" enabled="false" level="WARNING" enabled_by_default="false" />
  <inspection_tool class="OverwrittenKey" enabled="false" level="WARNING" enabled_by_default="false" />
  <inspection_tool class="PackageInfoWithoutPackage" enabled="false" level="WARNING" enabled_by_default="false" />
  <inspection_tool class="ParameterCanBeLocal" enabled="false" level="WARNING" enabled_by_default="false" />
  <inspection_tool class="PatternVariableCanBeUsed" enabled="false" level="WARNING" enabled_by_default="false" />
  <inspection_tool class="PatternVariableHidesField" enabled="false" level="WARNING" enabled_by_default="false" />
  <inspection_tool class="PlaceholderCountMatchesArgumentCount" enabled="false" level="WARNING" enabled_by_default="false" />
  <inspection_tool class="PointlessArithmeticExpression" enabled="false" level="WARNING" enabled_by_default="false">
    <option name="m_ignoreExpressionsContainingConstants" value="true" />
  </inspection_tool>
  <inspection_tool class="PointlessBitwiseExpression" enabled="false" level="WARNING" enabled_by_default="false">
    <option name="m_ignoreExpressionsContainingConstants" value="true" />
  </inspection_tool>
  <inspection_tool class="PointlessBooleanExpression" enabled="false" level="WARNING" enabled_by_default="false">
    <option name="m_ignoreExpressionsContainingConstants" value="true" />
  </inspection_tool>
  <inspection_tool class="PointlessNullCheck" enabled="false" level="WARNING" enabled_by_default="false" />
  <inspection_tool class="PreviewFeature" enabled="false" level="WARNING" enabled_by_default="false" />
  <inspection_tool class="PrimitiveArrayArgumentToVariableArgMethod" enabled="false" level="WARNING" enabled_by_default="false" />
  <inspection_tool class="ProtectedMemberInFinalClass" enabled="false" level="WARNING" enabled_by_default="false" />
  <inspection_tool class="PublicField" enabled="false" level="INFORMATION" enabled_by_default="false">
    <option name="ignoreEnums" value="false" />
    <option name="ignorableAnnotations">
      <value />
    </option>
  </inspection_tool>
  <inspection_tool class="RawUseOfParameterizedType" enabled="false" level="WARNING" enabled_by_default="false" />
  <inspection_tool class="ReadWriteStringCanBeUsed" enabled="false" level="WARNING" enabled_by_default="false" />
  <inspection_tool class="ReassignedVariable" enabled="false" level="TEXT ATTRIBUTES" enabled_by_default="false" />
  <inspection_tool class="RecordCanBeClass" enabled="false" level="INFORMATION" enabled_by_default="false" />
  <inspection_tool class="RedundantArrayCreation" enabled="false" level="WARNING" enabled_by_default="false" />
  <inspection_tool class="RedundantCast" enabled="false" level="WARNING" enabled_by_default="false" />
  <inspection_tool class="RedundantClassCall" enabled="false" level="WARNING" enabled_by_default="false" />
  <inspection_tool class="RedundantCollectionOperation" enabled="false" level="WARNING" enabled_by_default="false" />
  <inspection_tool class="RedundantComparatorComparing" enabled="false" level="WARNING" enabled_by_default="false" />
  <inspection_tool class="RedundantCompareCall" enabled="false" level="WARNING" enabled_by_default="false" />
  <inspection_tool class="RedundantExplicitClose" enabled="false" level="WARNING" enabled_by_default="false" />
  <inspection_tool class="RedundantExplicitVariableType" enabled="false" level="INFORMATION" enabled_by_default="false" />
  <inspection_tool class="RedundantFileCreation" enabled="false" level="WARNING" enabled_by_default="false" />
  <inspection_tool class="RedundantLabeledSwitchRuleCodeBlock" enabled="false" level="WARNING" enabled_by_default="false" />
  <inspection_tool class="RedundantLambdaParameterType" enabled="false" level="INFORMATION" enabled_by_default="false" />
  <inspection_tool class="RedundantModifiersValLombok" enabled="false" level="WARNING" enabled_by_default="false" />
  <inspection_tool class="RedundantModifiersValueLombok" enabled="false" level="WARNING" enabled_by_default="false" />
  <inspection_tool class="RedundantOperationOnEmptyContainer" enabled="false" level="WARNING" enabled_by_default="false" />
  <inspection_tool class="RedundantRecordConstructor" enabled="false" level="WARNING" enabled_by_default="false" />
  <inspection_tool class="RedundantScheduledForRemovalAnnotation" enabled="false" level="WARNING" enabled_by_default="false" />
  <inspection_tool class="RedundantSlf4jDefinition" enabled="false" level="WARNING" enabled_by_default="false" />
  <inspection_tool class="RedundantStreamOptionalCall" enabled="false" level="WARNING" enabled_by_default="false" />
  <inspection_tool class="RedundantStringFormatCall" enabled="false" level="WARNING" enabled_by_default="false" />
  <inspection_tool class="RedundantThrows" enabled="false" level="WARNING" enabled_by_default="false" />
  <inspection_tool class="RedundantTypeArguments" enabled="false" level="WARNING" enabled_by_default="false" />
  <inspection_tool class="RedundantUnmodifiable" enabled="false" level="WARNING" enabled_by_default="false" />
  <inspection_tool class="ReflectionForUnavailableAnnotation" enabled="false" level="WARNING" enabled_by_default="false" />
  <inspection_tool class="RefusedBequest" enabled="false" level="WARNING" enabled_by_default="false">
    <option name="ignoreEmptySuperMethods" value="false" />
    <option name="onlyReportWhenAnnotated" value="true" />
  </inspection_tool>
  <inspection_tool class="RemoveLiteralUnderscores" enabled="false" level="INFORMATION" enabled_by_default="false" />
  <inspection_tool class="ReplaceAllDot" enabled="false" level="WARNING" enabled_by_default="false" />
  <inspection_tool class="ReplaceAssignmentWithOperatorAssignment" enabled="false" level="INFORMATION" enabled_by_default="false">
    <option name="ignoreLazyOperators" value="true" />
    <option name="ignoreObscureOperators" value="false" />
  </inspection_tool>
  <inspection_tool class="ReplaceInefficientStreamCount" enabled="false" level="WARNING" enabled_by_default="false" />
  <inspection_tool class="ReplaceNullCheck" enabled="false" level="WARNING" enabled_by_default="false" />
  <inspection_tool class="ReplaceOnLiteralHasNoEffect" enabled="false" level="WARNING" enabled_by_default="false" />
  <inspection_tool class="ReplaceWithJavadoc" enabled="false" level="INFORMATION" enabled_by_default="false" />
  <inspection_tool class="ReturnFromFinallyBlock" enabled="false" level="WARNING" enabled_by_default="false" />
  <inspection_tool class="ReturnSeparatedFromComputation" enabled="false" level="INFORMATION" enabled_by_default="false" />
  <inspection_tool class="SafeVarargsDetector" enabled="false" level="WARNING" enabled_by_default="false" />
  <inspection_tool class="SameParameterValue" enabled="false" level="WARNING" enabled_by_default="false" />
  <inspection_tool class="SameReturnValue" enabled="false" level="WARNING" enabled_by_default="false" />
  <inspection_tool class="ScheduledThreadPoolExecutorWithZeroCoreThreads" enabled="false" level="WARNING" enabled_by_default="false" />
  <inspection_tool class="SerialAnnotationUsedOnWrongMember" enabled="false" level="WARNING" enabled_by_default="false" />
  <inspection_tool class="SerializableRecordContainsIgnoredMembers" enabled="false" level="WARNING" enabled_by_default="false" />
  <inspection_tool class="ShiftOutOfRange" enabled="false" level="WARNING" enabled_by_default="false" />
  <inspection_tool class="SillyAssignment" enabled="false" level="WARNING" enabled_by_default="false" />
  <inspection_tool class="SimplifiableAssertion" enabled="false" level="WARNING" enabled_by_default="false" />
  <inspection_tool class="SimplifiableBooleanExpression" enabled="false" level="WARNING" enabled_by_default="false" />
  <inspection_tool class="SimplifiableConditionalExpression" enabled="false" level="WARNING" enabled_by_default="false" />
  <inspection_tool class="SimplifiableIfStatement" enabled="false" level="INFORMATION" enabled_by_default="false" />
  <inspection_tool class="SimplifyCollector" enabled="false" level="WARNING" enabled_by_default="false" />
  <inspection_tool class="SimplifyForEach" enabled="false" level="INFORMATION" enabled_by_default="false" />
  <inspection_tool class="SimplifyOptionalCallChains" enabled="false" level="WARNING" enabled_by_default="false" />
  <inspection_tool class="SimplifyStreamApiCallChains" enabled="false" level="WARNING" enabled_by_default="false" />
  <inspection_tool class="SingleElementAnnotation" enabled="false" level="INFORMATION" enabled_by_default="false" />
  <inspection_tool class="SingleStatementInBlock" enabled="false" level="INFORMATION" enabled_by_default="false" />
  <inspection_tool class="SlowAbstractSetRemoveAll" enabled="false" level="WARNING" enabled_by_default="false" />
  <inspection_tool class="SlowListContainsAll" enabled="false" level="WARNING" enabled_by_default="false" />
  <inspection_tool class="SortedCollectionWithNonComparableKeys" enabled="false" level="WARNING" enabled_by_default="false" />
  <inspection_tool class="SpellCheckingInspection" enabled="false" level="TYPO" enabled_by_default="false">
    <option name="processCode" value="true" />
    <option name="processLiterals" value="true" />
    <option name="processComments" value="true" />
  </inspection_tool>
  <inspection_tool class="SpringQualifierCopyableLombok" enabled="false" level="WARNING" enabled_by_default="false" />
  <inspection_tool class="StaticInitializerReferencesSubClass" enabled="false" level="WARNING" enabled_by_default="false" />
  <inspection_tool class="StaticPseudoFunctionalStyleMethod" enabled="false" level="WARNING" enabled_by_default="false" />
  <inspection_tool class="StreamToLoop" enabled="false" level="INFORMATION" enabled_by_default="false" />
  <inspection_tool class="StringBufferReplaceableByString" enabled="false" level="WARNING" enabled_by_default="false" />
  <inspection_tool class="StringBufferReplaceableByStringBuilder" enabled="false" level="WARNING" enabled_by_default="false" />
  <inspection_tool class="StringConcatenationInLoops" enabled="false" level="WARNING" enabled_by_default="false" />
  <inspection_tool class="StringConcatenationInsideStringBufferAppend" enabled="false" level="WARNING" enabled_by_default="false" />
  <inspection_tool class="StringEquality" enabled="false" level="WARNING" enabled_by_default="false" />
  <inspection_tool class="StringEqualsCharSequence" enabled="false" level="WARNING" enabled_by_default="false" />
  <inspection_tool class="StringOperationCanBeSimplified" enabled="false" level="WARNING" enabled_by_default="false" />
  <inspection_tool class="StringRepeatCanBeUsed" enabled="false" level="WARNING" enabled_by_default="false" />
  <inspection_tool class="StringTokenizerDelimiter" enabled="false" level="WARNING" enabled_by_default="false" />
  <inspection_tool class="SuspiciousArrayMethodCall" enabled="false" level="WARNING" enabled_by_default="false" />
  <inspection_tool class="SuspiciousDateFormat" enabled="false" level="WARNING" enabled_by_default="false" />
  <inspection_tool class="SuspiciousIndentAfterControlStatement" enabled="false" level="WARNING" enabled_by_default="false" />
  <inspection_tool class="SuspiciousIntegerDivAssignment" enabled="false" level="WARNING" enabled_by_default="false" />
  <inspection_tool class="SuspiciousInvocationHandlerImplementation" enabled="false" level="WARNING" enabled_by_default="false" />
  <inspection_tool class="SuspiciousListRemoveInLoop" enabled="false" level="WARNING" enabled_by_default="false" />
  <inspection_tool class="SuspiciousMethodCalls" enabled="false" level="WARNING" enabled_by_default="false">
    <option name="REPORT_CONVERTIBLE_METHOD_CALLS" value="true" />
  </inspection_tool>
  <inspection_tool class="SuspiciousNameCombination" enabled="false" level="WARNING" enabled_by_default="false">
    <group names="x,width,left,right" />
    <group names="y,height,top,bottom" />
    <ignored>
      <option name="METHOD_MATCHER_CONFIG" value="java.io.PrintStream,println,java.io.PrintWriter,println,java.lang.System,identityHashCode,java.sql.PreparedStatement,set.*,java.sql.ResultSet,update.*,java.sql.SQLOutput,write.*,java.lang.Integer,compare.*,java.lang.Long,compare.*,java.lang.Short,compare,java.lang.Byte,compare,java.lang.Character,compare,java.lang.Boolean,compare,java.lang.Math,.*,java.lang.StrictMath,.*" />
    </ignored>
  </inspection_tool>
  <inspection_tool class="SuspiciousSystemArraycopy" enabled="false" level="WARNING" enabled_by_default="false" />
  <inspection_tool class="SuspiciousTernaryOperatorInVarargsCall" enabled="false" level="WARNING" enabled_by_default="false" />
  <inspection_tool class="SuspiciousToArrayCall" enabled="false" level="WARNING" enabled_by_default="false" />
  <inspection_tool class="SwitchLabeledRuleCanBeCodeBlock" enabled="false" level="INFORMATION" enabled_by_default="false" />
  <inspection_tool class="SwitchStatementWithTooFewBranches" enabled="false" level="WARNING" enabled_by_default="false">
    <option name="m_limit" value="2" />
  </inspection_tool>
  <inspection_tool class="SwitchStatementsWithoutDefault" enabled="false" level="INFORMATION" enabled_by_default="false">
    <option name="m_ignoreFullyCoveredEnums" value="true" />
  </inspection_tool>
  <inspection_tool class="SynchronizationOnGetClass" enabled="false" level="WARNING" enabled_by_default="false" />
  <inspection_tool class="SynchronizationOnLocalVariableOrMethodParameter" enabled="false" level="WARNING" enabled_by_default="false">
    <option name="reportLocalVariables" value="true" />
    <option name="reportMethodParameters" value="true" />
  </inspection_tool>
  <inspection_tool class="SynchronizeOnNonFinalField" enabled="false" level="WARNING" enabled_by_default="false" />
  <inspection_tool class="SynchronizeOnValueBasedClass" enabled="false" level="WARNING" enabled_by_default="false" />
  <inspection_tool class="SystemRunFinalizersOnExit" enabled="false" level="WARNING" enabled_by_default="false" />
  <inspection_tool class="TailRecursion" enabled="false" level="INFORMATION" enabled_by_default="false" />
  <inspection_tool class="TextBlockBackwardMigration" enabled="false" level="INFORMATION" enabled_by_default="false" />
  <inspection_tool class="TextBlockMigration" enabled="false" level="WARNING" enabled_by_default="false" />
  <inspection_tool class="TextLabelInSwitchStatement" enabled="false" level="WARNING" enabled_by_default="false" />
  <inspection_tool class="ThreadWithDefaultRunMethod" enabled="false" level="WARNING" enabled_by_default="false" />
  <inspection_tool class="ThrowFromFinallyBlock" enabled="false" level="WARNING" enabled_by_default="false" />
  <inspection_tool class="ThrowableNotThrown" enabled="false" level="WARNING" enabled_by_default="false" />
  <inspection_tool class="ThrowablePrintedToSystemOut" enabled="false" level="WARNING" enabled_by_default="false" />
  <inspection_tool class="ToArrayCallWithZeroLengthArrayArgument" enabled="false" level="WARNING" enabled_by_default="false" />
  <inspection_tool class="TooBroadScope" enabled="false" level="INFORMATION" enabled_by_default="false">
    <option name="m_allowConstructorAsInitializer" value="false" />
    <option name="m_onlyLookAtBlocks" value="false" />
  </inspection_tool>
  <inspection_tool class="TrailingWhitespacesInTextBlock" enabled="false" level="WARNING" enabled_by_default="false" />
  <inspection_tool class="TrivialFunctionalExpressionUsage" enabled="false" level="WARNING" enabled_by_default="false" />
  <inspection_tool class="TrivialIf" enabled="false" level="WARNING" enabled_by_default="false" />
  <inspection_tool class="TryFinallyCanBeTryWithResources" enabled="false" level="WARNING" enabled_by_default="false" />
  <inspection_tool class="TryStatementWithMultipleResources" enabled="false" level="INFORMATION" enabled_by_default="false" />
  <inspection_tool class="TryWithIdenticalCatches" enabled="false" level="WARNING" enabled_by_default="false" />
  <inspection_tool class="TypeParameterExtendsObject" enabled="false" level="WARNING" enabled_by_default="false" />
  <inspection_tool class="TypeParameterHidesVisibleType" enabled="false" level="WARNING" enabled_by_default="false" />
  <inspection_tool class="UNCHECKED_WARNING" enabled="false" level="WARNING" enabled_by_default="false" />
  <inspection_tool class="UNUSED_IMPORT" enabled="false" level="WARNING" enabled_by_default="false" />
  <inspection_tool class="UnaryPlus" enabled="false" level="WARNING" enabled_by_default="false" />
  <inspection_tool class="UnclearBinaryExpression" enabled="false" level="INFORMATION" enabled_by_default="false" />
  <inspection_tool class="UnnecessarilyQualifiedInnerClassAccess" enabled="false" level="INFORMATION" enabled_by_default="false">
    <option name="ignoreReferencesNeedingImport" value="false" />
  </inspection_tool>
  <inspection_tool class="UnnecessaryBlockStatement" enabled="false" level="INFORMATION" enabled_by_default="false">
    <option name="ignoreSwitchBranches" value="false" />
  </inspection_tool>
  <inspection_tool class="UnnecessaryBoxing" enabled="false" level="WARNING" enabled_by_default="false" />
  <inspection_tool class="UnnecessaryBreak" enabled="false" level="WARNING" enabled_by_default="false" />
  <inspection_tool class="UnnecessaryCallToStringValueOf" enabled="false" level="WARNING" enabled_by_default="false" />
  <inspection_tool class="UnnecessaryContinue" enabled="false" level="WARNING" enabled_by_default="false" />
  <inspection_tool class="UnnecessaryDefault" enabled="false" level="WARNING" enabled_by_default="false" />
  <inspection_tool class="UnnecessaryEmptyArrayUsage" enabled="false" level="WARNING" enabled_by_default="false" />
  <inspection_tool class="UnnecessaryFullyQualifiedName" enabled="false" level="INFORMATION" enabled_by_default="false">
    <option name="m_ignoreJavadoc" value="false" />
    <option name="ignoreInModuleStatements" value="true" />
  </inspection_tool>
  <inspection_tool class="UnnecessaryInitCause" enabled="false" level="WARNING" enabled_by_default="false" />
  <inspection_tool class="UnnecessaryLabelOnBreakStatement" enabled="false" level="WARNING" enabled_by_default="false" />
  <inspection_tool class="UnnecessaryLabelOnContinueStatement" enabled="false" level="WARNING" enabled_by_default="false" />
  <inspection_tool class="UnnecessaryLocalVariable" enabled="false" level="WARNING" enabled_by_default="false">
    <option name="m_ignoreImmediatelyReturnedVariables" value="false" />
    <option name="m_ignoreAnnotatedVariables" value="false" />
  </inspection_tool>
  <inspection_tool class="UnnecessaryModifier" enabled="false" level="WARNING" enabled_by_default="false" />
  <inspection_tool class="UnnecessaryModuleDependencyInspection" enabled="false" level="WARNING" enabled_by_default="false" />
  <inspection_tool class="UnnecessaryParentheses" enabled="false" level="INFORMATION" enabled_by_default="false">
    <option name="ignoreClarifyingParentheses" value="false" />
    <option name="ignoreParenthesesOnConditionals" value="false" />
    <option name="ignoreParenthesesOnLambdaParameter" value="false" />
  </inspection_tool>
  <inspection_tool class="UnnecessaryReturn" enabled="false" level="WARNING" enabled_by_default="false" />
  <inspection_tool class="UnnecessarySemicolon" enabled="false" level="WARNING" enabled_by_default="false" />
  <inspection_tool class="UnnecessaryStringEscape" enabled="false" level="WARNING" enabled_by_default="false" />
  <inspection_tool class="UnnecessaryTemporaryOnConversionFromString" enabled="false" level="WARNING" enabled_by_default="false" />
  <inspection_tool class="UnnecessaryTemporaryOnConversionToString" enabled="false" level="WARNING" enabled_by_default="false" />
  <inspection_tool class="UnnecessaryToStringCall" enabled="false" level="WARNING" enabled_by_default="false" />
  <inspection_tool class="UnnecessaryUnaryMinus" enabled="false" level="WARNING" enabled_by_default="false" />
  <inspection_tool class="UnnecessaryUnboxing" enabled="false" level="WARNING" enabled_by_default="false" />
  <inspection_tool class="UnpredictableBigDecimalConstructorCall" enabled="false" level="WARNING" enabled_by_default="false">
    <option name="ignoreReferences" value="true" />
    <option name="ignoreComplexLiterals" value="false" />
  </inspection_tool>
  <inspection_tool class="UnresolvedClassReferenceRepair" enabled="false" level="INFORMATION" enabled_by_default="false" />
  <inspection_tool class="UnresolvedPropertyKey" enabled="false" level="ERROR" enabled_by_default="false" />
  <inspection_tool class="UnsatisfiedRange" enabled="false" level="WARNING" enabled_by_default="false" />
  <inspection_tool class="UnusedAssignment" enabled="false" level="WARNING" enabled_by_default="false">
    <option name="REPORT_PREFIX_EXPRESSIONS" value="false" />
    <option name="REPORT_POSTFIX_EXPRESSIONS" value="true" />
    <option name="REPORT_REDUNDANT_INITIALIZER" value="true" />
  </inspection_tool>
  <inspection_tool class="UnusedLabel" enabled="false" level="WARNING" enabled_by_default="false" />
  <inspection_tool class="UnusedReturnValue" enabled="false" level="WARNING" enabled_by_default="false" />
  <inspection_tool class="UseBulkOperation" enabled="false" level="WARNING" enabled_by_default="false" />
  <inspection_tool class="UseCompareMethod" enabled="false" level="WARNING" enabled_by_default="false" />
  <inspection_tool class="VarargParameter" enabled="false" level="INFORMATION" enabled_by_default="false" />
  <inspection_tool class="VariableTypeCanBeExplicit" enabled="false" level="INFORMATION" enabled_by_default="false" />
  <inspection_tool class="WaitWhileHoldingTwoLocks" enabled="false" level="WARNING" enabled_by_default="false" />
  <inspection_tool class="WhileCanBeForeach" enabled="false" level="WARNING" enabled_by_default="false" />
  <inspection_tool class="WhileLoopSpinsOnField" enabled="false" level="WARNING" enabled_by_default="false">
    <option name="ignoreNonEmtpyLoops" value="true" />
  </inspection_tool>
  <inspection_tool class="WrapperTypeMayBePrimitive" enabled="false" level="WARNING" enabled_by_default="false" />
  <inspection_tool class="WriteOnlyObject" enabled="false" level="WARNING" enabled_by_default="false" />
  <inspection_tool class="WrongPackageStatement" enabled="false" level="ERROR" enabled_by_default="false" />
  <inspection_tool class="dependsOnMethodTestNG" enabled="false" level="WARNING" enabled_by_default="false" />
  <inspection_tool class="groupsTestNG" enabled="false" level="WARNING" enabled_by_default="false">
    <option name="groups">
      <value>
        <list size="0" />
      </value>
    </option>
  </inspection_tool>
  <inspection_tool class="unused" enabled="false" level="WARNING" enabled_by_default="false" checkParameterExcludingHierarchy="false">
    <option name="LOCAL_VARIABLE" value="true" />
    <option name="FIELD" value="true" />
    <option name="METHOD" value="true" />
    <option name="CLASS" value="true" />
    <option name="PARAMETER" value="true" />
    <option name="REPORT_PARAMETER_FOR_PUBLIC_METHODS" value="true" />
    <option name="ADD_MAINS_TO_ENTRIES" value="true" />
    <option name="ADD_APPLET_TO_ENTRIES" value="true" />
    <option name="ADD_SERVLET_TO_ENTRIES" value="true" />
    <option name="ADD_NONJAVA_TO_ENTRIES" value="true" />
    <option name="selected" value="true" />
  </inspection_tool>
</profile>